City_ID,City,Lat,Lng,Max Temp,Weather Description,Humidity,Cloudiness,Wind Speed,Country,Date
0,Port Hardy,50.6996,-127.4199,48.2,broken clouds,93,75,6.91,CA,2021-11-05 04:15:46
1,Sembe,1.6481,14.5806,69.21,broken clouds,98,73,0.78,CG,2021-11-05 04:19:56
2,Katsuura,35.1333,140.3,68.04,clear sky,53,2,7.18,JP,2021-11-05 04:19:57
3,Vaini,-21.2,-175.2,78.96,broken clouds,100,75,8.05,TO,2021-11-05 04:19:57
4,Constitucion,-35.3333,-72.4167,51.3,clear sky,61,0,9.46,CL,2021-11-05 04:19:58
5,Luderitz,-26.6481,15.1594,58.01,few clouds,74,13,13.0,NA,2021-11-05 04:19:59
6,Provideniya,64.3833,-173.3,11.46,broken clouds,81,51,9.75,RU,2021-11-05 04:19:59
7,Port Alfred,-33.5906,26.891,65.64,overcast clouds,83,97,5.64,ZA,2021-11-05 04:16:14
8,Alvaraes,-3.2208,-64.8042,73.99,overcast clouds,97,90,0.38,BR,2021-11-05 04:20:00
9,Barrow,71.2906,-156.7887,15.82,clear sky,73,1,16.11,US,2021-11-05 04:15:02
10,La Vega,19.2221,-70.5296,75.56,few clouds,96,11,3.36,DO,2021-11-05 04:20:01
11,Atuona,-9.8,-139.0333,78.3,clear sky,66,3,14.27,PF,2021-11-05 04:15:15
12,Usinsk,65.9939,57.5281,32.14,snow,99,100,11.03,RU,2021-11-05 04:20:02
13,Touba,8.2833,-7.6833,71.38,clear sky,82,1,2.19,CI,2021-11-05 04:20:03
14,Longyearbyen,78.2186,15.6401,21.04,broken clouds,73,75,8.05,SJ,2021-11-05 04:20:04
15,Mahebourg,-20.4081,57.7,77.29,few clouds,78,20,5.75,MU,2021-11-05 04:20:05
16,Turukhansk,65.8167,87.9833,22.98,snow,96,100,20.6,RU,2021-11-05 04:20:06
17,Rikitea,-23.1203,-134.9692,69.22,moderate rain,89,100,3.0,PF,2021-11-05 04:20:06
18,Saint-Philippe,-21.3585,55.7679,80.47,clear sky,72,10,3.98,RE,2021-11-05 04:20:07
19,Zheleznogorsk,52.331,35.3711,47.71,overcast clouds,91,100,13.06,RU,2021-11-05 04:20:07
20,Adeje,28.1227,-16.726,68.02,broken clouds,72,75,16.11,ES,2021-11-05 04:20:08
21,Buraydah,26.326,43.975,63.05,clear sky,48,0,8.01,SA,2021-11-05 04:20:08
22,Esso,55.9333,158.7,22.33,scattered clouds,94,42,4.16,RU,2021-11-05 04:18:41
23,Puerto Escondido,15.85,-97.0667,77.81,broken clouds,81,70,4.21,MX,2021-11-05 04:20:09
24,Asau,46.4333,26.4,55.4,broken clouds,60,80,5.06,RO,2021-11-05 04:20:09
25,Vardo,70.3705,31.1107,32.2,overcast clouds,68,91,6.98,NO,2021-11-05 04:20:10
26,Los Algarrobos,8.5,-82.4333,78.46,overcast clouds,95,99,2.1,PA,2021-11-05 04:20:10
27,Myaundzha,63.0494,147.1858,-2.15,broken clouds,98,78,1.81,RU,2021-11-05 04:20:11
28,Nortelandia,-14.4547,-56.8028,73.92,overcast clouds,89,98,3.11,BR,2021-11-05 04:20:11
29,Punta Arenas,-53.15,-70.9167,44.71,clear sky,57,0,27.63,CL,2021-11-05 04:20:12
30,New Norfolk,-42.7826,147.0587,73.89,clear sky,40,0,3.0,AU,2021-11-05 04:16:15
31,Bengkulu,-3.8004,102.2655,77.5,overcast clouds,90,100,7.14,ID,2021-11-05 04:20:13
32,Kapaa,22.0752,-159.319,80.58,light rain,82,90,3.0,US,2021-11-05 04:20:13
33,Kodiak,57.79,-152.4072,36.48,clear sky,71,6,9.48,US,2021-11-05 04:20:13
34,Makurdi,7.7411,8.5121,75.9,light rain,89,87,4.43,NG,2021-11-05 04:20:14
35,Busselton,-33.65,115.3333,65.05,broken clouds,61,82,14.58,AU,2021-11-05 04:20:14
36,Hovd,48.0056,91.6419,12.79,clear sky,34,0,0.96,MN,2021-11-05 04:20:15
37,Juneau,58.3019,-134.4197,43.21,overcast clouds,95,90,3.44,US,2021-11-05 04:19:49
38,Lompoc,34.6391,-120.4579,69.94,clear sky,87,1,5.75,US,2021-11-05 04:20:15
39,Tadine,-21.55,167.8833,72.48,scattered clouds,62,46,15.1,NC,2021-11-05 04:20:16
40,Cape Town,-33.9258,18.4232,61.27,broken clouds,82,75,4.61,ZA,2021-11-05 04:17:43
41,Eureka,40.8021,-124.1637,52.63,overcast clouds,92,85,4.23,US,2021-11-05 04:15:51
42,East London,-33.0153,27.9116,65.34,mist,94,90,3.44,ZA,2021-11-05 04:20:17
43,Narsaq,60.9167,-46.05,30.42,overcast clouds,96,98,5.55,GL,2021-11-05 04:18:38
44,Mataura,-46.1927,168.8643,59.49,overcast clouds,45,100,5.93,NZ,2021-11-05 04:21:17
45,Omsukchan,62.5333,155.8,8.31,clear sky,90,6,3.8,RU,2021-11-05 04:21:18
46,Sungurlu,40.1675,34.3739,51.55,clear sky,75,0,2.24,TR,2021-11-05 04:21:18
47,Mount Gambier,-37.8333,140.7667,75.99,broken clouds,31,84,1.77,AU,2021-11-05 04:21:19
48,Kanye,-24.9667,25.3327,67.87,clear sky,67,4,16.15,BW,2021-11-05 04:21:19
49,Araouane,18.9048,-3.5265,81.21,clear sky,19,8,4.97,ML,2021-11-05 04:21:20
50,Tromso,69.6496,18.957,38.37,broken clouds,81,75,3.44,NO,2021-11-05 04:21:20
51,Georgetown,5.4112,100.3354,87.89,few clouds,74,20,1.01,MY,2021-11-05 04:17:58
52,Taoudenni,22.6783,-3.9836,76.91,few clouds,19,24,7.96,ML,2021-11-05 04:21:21
53,Nome,64.5011,-165.4064,23.07,light snow,86,90,0.0,US,2021-11-05 04:21:22
54,Tual,-5.6667,132.75,83.98,broken clouds,73,64,5.08,ID,2021-11-05 04:17:39
55,Sarankhola,22.3082,89.7897,78.51,broken clouds,56,62,7.58,BD,2021-11-05 04:21:22
56,San Luis,-33.295,-66.3356,49.06,overcast clouds,55,99,4.47,AR,2021-11-05 04:21:23
57,Kalaleh,37.3807,55.4916,56.8,broken clouds,94,75,0.0,IR,2021-11-05 04:21:23
58,Chodziez,52.995,16.9198,45.57,light rain,90,100,25.43,PL,2021-11-05 04:21:24
59,Deputatskiy,69.3,139.9,-7.91,few clouds,95,19,3.2,RU,2021-11-05 04:21:24
60,Qingdao,36.0986,120.3719,67.6,clear sky,68,0,15.66,CN,2021-11-05 04:17:28
61,Soe,-9.8607,124.284,90.5,broken clouds,32,62,9.01,ID,2021-11-05 04:21:25
62,Bethel,41.3712,-73.414,43.02,clear sky,78,1,3.44,US,2021-11-05 04:17:36
63,Mabaruma,8.2,-59.7833,72.84,overcast clouds,97,89,2.51,GY,2021-11-05 04:21:26
64,Calabasas,34.1578,-118.6384,71.35,clear sky,59,1,4.61,US,2021-11-05 04:21:26
65,Makueni,-1.8041,37.6203,64.67,light rain,91,84,3.58,KE,2021-11-05 04:21:26
66,Manggar,-2.8833,108.2667,85.77,moderate rain,63,100,1.36,ID,2021-11-05 04:21:27
67,Breytovo,58.2993,37.8617,41.88,light rain,86,100,11.14,RU,2021-11-05 04:21:12
68,Quatre Cocos,-20.2078,57.7625,77.11,scattered clouds,79,36,8.01,MU,2021-11-05 04:21:28
69,Port Elizabeth,-33.918,25.5701,59.29,clear sky,82,0,8.05,ZA,2021-11-05 04:21:28
70,Lorengau,-2.0226,147.2712,83.89,overcast clouds,68,100,10.76,PG,2021-11-05 04:18:03
71,Tiksi,71.6872,128.8694,6.49,broken clouds,71,78,25.32,RU,2021-11-05 04:21:29
72,Qaanaaq,77.484,-69.3632,10.65,clear sky,55,1,9.62,GL,2021-11-05 04:21:29
73,Miquelon,47.0975,-56.3814,45.03,broken clouds,61,79,18.37,PM,2021-11-05 04:21:30
74,Mochicahui,25.9333,-108.9333,71.42,clear sky,63,0,4.18,MX,2021-11-05 04:21:30
75,Hermanus,-34.4187,19.2345,58.89,overcast clouds,80,100,7.27,ZA,2021-11-05 04:21:30
76,Cidreira,-30.1811,-50.2056,68.63,broken clouds,93,57,14.94,BR,2021-11-05 04:21:31
77,Bredasdorp,-34.5322,20.0403,58.32,overcast clouds,88,99,3.44,ZA,2021-11-05 04:21:32
78,Albany,42.6001,-73.9662,34.59,scattered clouds,87,44,3.69,US,2021-11-05 04:17:21
79,Sao Filipe,14.8961,-24.4956,78.69,scattered clouds,72,42,4.99,CV,2021-11-05 04:21:32
80,Fairbanks,64.8378,-147.7164,30.2,broken clouds,86,75,0.0,US,2021-11-05 04:20:25
81,Manavalakurichi,8.1333,77.3,84.29,overcast clouds,75,99,3.98,IN,2021-11-05 04:21:33
82,Yellowknife,62.456,-114.3525,33.42,overcast clouds,96,90,13.8,CA,2021-11-05 04:21:34
83,Asyut,27.181,31.1837,66.56,clear sky,79,0,8.3,EG,2021-11-05 04:21:34
84,Qasigiannguit,68.8193,-51.1922,26.85,overcast clouds,92,100,5.95,GL,2021-11-05 04:21:34
85,Tacuarembo,-31.7333,-55.9833,62.89,clear sky,93,3,3.47,UY,2021-11-05 04:21:35
86,Faanui,-16.4833,-151.75,79.39,few clouds,75,22,12.62,PF,2021-11-05 04:21:35
87,Tacotalpa,17.6,-92.8167,75.85,overcast clouds,96,98,4.16,MX,2021-11-05 04:21:36
88,Hithadhoo,-0.6,73.0833,82.53,overcast clouds,75,97,12.03,MV,2021-11-05 04:21:36
89,Guerrero Negro,27.9769,-114.0611,64.87,clear sky,90,0,9.01,MX,2021-11-05 04:21:37
90,Zhigansk,66.7697,123.3711,-6.75,broken clouds,91,61,16.6,RU,2021-11-05 04:22:37
91,Betafo,-19.8333,46.85,72.72,clear sky,47,0,3.4,MG,2021-11-05 04:22:38
92,Iskateley,67.6803,53.1512,29.21,overcast clouds,94,95,3.06,RU,2021-11-05 04:22:38
93,Naron,43.5167,-8.1528,51.04,broken clouds,80,58,9.93,ES,2021-11-05 04:22:38
94,Pangnirtung,66.1451,-65.7125,15.58,overcast clouds,78,100,4.97,CA,2021-11-05 04:22:39
95,Puerto Ayora,-0.7393,-90.3518,68.7,few clouds,83,21,6.73,EC,2021-11-05 04:22:39
96,Manokwari,-0.8667,134.0833,83.62,overcast clouds,74,86,5.75,ID,2021-11-05 04:22:40
97,Ancud,-41.8697,-73.8203,43.43,clear sky,90,7,6.51,CL,2021-11-05 04:17:44
98,Jamestown,42.097,-79.2353,33.39,clear sky,97,1,5.75,US,2021-11-05 04:20:39
99,Souillac,-20.5167,57.5167,77.38,few clouds,78,20,5.75,MU,2021-11-05 04:22:41
100,Butaritari,3.0707,172.7902,82.29,clear sky,74,7,14.61,KI,2021-11-05 04:22:41
101,Hervey Bay,-25.2986,152.8535,79.03,broken clouds,61,55,10.11,AU,2021-11-05 04:22:41
102,Narasapur,16.45,81.6667,82.09,overcast clouds,76,88,11.92,IN,2021-11-05 04:22:42
103,Sayan,-11.1361,-77.1933,66.87,broken clouds,72,78,2.1,PE,2021-11-05 04:22:42
104,Mayo,38.8876,-76.5119,44.56,clear sky,81,1,3.0,US,2021-11-05 04:22:43
105,San Cosme Y Damian,-27.3167,-56.35,78.98,scattered clouds,74,47,7.43,PY,2021-11-05 04:22:43
106,Tabas,33.5959,56.9244,58.86,broken clouds,48,69,7.78,IR,2021-11-05 04:22:44
107,Kruisfontein,-34.0033,24.7314,57.25,broken clouds,76,78,3.78,ZA,2021-11-05 04:22:44
108,Camacha,33.0833,-16.3333,61.56,light intensity drizzle,82,40,10.36,PT,2021-11-05 04:22:44
109,Nayoro,44.3506,142.4578,50.67,broken clouds,73,75,4.34,JP,2021-11-05 04:22:45
110,Mar Del Plata,-38.0023,-57.5575,57.22,light intensity drizzle,99,90,18.99,AR,2021-11-05 04:19:11
111,Carnarvon,-24.8667,113.6333,75.27,clear sky,46,9,24.16,AU,2021-11-05 04:22:45
112,Medea,36.2642,2.7539,43.25,scattered clouds,78,48,4.85,DZ,2021-11-05 04:22:46
113,Yar-Sale,66.8333,70.8333,32.34,light snow,98,100,12.06,RU,2021-11-05 04:22:46
114,Tuktoyaktuk,69.4541,-133.0374,24.8,overcast clouds,86,90,25.32,CA,2021-11-05 04:22:47
115,Avarua,-21.2078,-159.775,77.05,few clouds,69,20,12.66,CK,2021-11-05 04:22:47
116,Rawson,-43.3002,-65.1023,55.96,clear sky,24,2,8.03,AR,2021-11-05 04:22:47
117,Hearst,49.6835,-83.6665,34.05,clear sky,91,6,9.08,CA,2021-11-05 04:22:48
118,Shimoda,34.6667,138.95,66.56,few clouds,64,12,7.2,JP,2021-11-05 04:22:48
119,Talkha,31.0539,31.3779,65.43,clear sky,84,0,6.78,EG,2021-11-05 04:22:49
120,Bud,39.447,-86.1758,36.32,clear sky,88,0,4.79,US,2021-11-05 04:22:49
121,Constantine,36.365,6.6147,45.81,scattered clouds,93,40,3.44,DZ,2021-11-05 04:22:51
122,Zarubino,42.63,131.0922,52.9,few clouds,71,11,3.4,RU,2021-11-05 04:22:51
123,Labuhan,-6.8844,112.2051,87.71,light rain,58,100,4.09,ID,2021-11-05 04:22:52
124,Victoria,22.2855,114.1577,82.36,scattered clouds,84,28,10.0,HK,2021-11-05 04:20:25
125,Tarko-Sale,64.9225,77.785,30.38,overcast clouds,97,99,19.46,RU,2021-11-05 04:22:52
126,Haines Junction,60.7522,-137.5108,17.55,overcast clouds,93,100,2.3,CA,2021-11-05 04:22:53
127,Saskylakh,71.9167,114.0833,9.34,overcast clouds,91,100,20.45,RU,2021-11-05 04:22:53
128,Kalemie,-5.9475,29.1947,68.14,clear sky,84,8,6.17,CD,2021-11-05 04:22:54
129,Castro,-24.7911,-50.0119,61.84,overcast clouds,93,96,1.59,BR,2021-11-05 04:22:54
130,Sao Joao Da Barra,-21.6403,-41.0511,69.13,few clouds,95,21,7.18,BR,2021-11-05 04:19:19
131,Chuy,-33.6971,-53.4616,66.36,broken clouds,93,72,8.25,UY,2021-11-05 04:22:55
132,Ushuaia,-54.8,-68.3,38.86,light rain,81,75,20.71,AR,2021-11-05 04:22:55
133,Beloha,-25.1667,45.05,71.46,clear sky,61,0,9.69,MG,2021-11-05 04:22:56
134,Grindavik,63.8424,-22.4338,41.47,broken clouds,70,75,20.71,IS,2021-11-05 04:22:56
135,Arraial Do Cabo,-22.9661,-42.0278,70.39,few clouds,87,16,2.62,BR,2021-11-05 04:22:57
136,Saldanha,-33.0117,17.9442,57.25,overcast clouds,78,100,12.55,ZA,2021-11-05 04:22:57
137,Silifke,36.3778,33.9344,67.17,clear sky,51,1,6.06,TR,2021-11-05 04:23:58
138,Thompson,55.7435,-97.8558,21.36,clear sky,93,1,0.0,CA,2021-11-05 04:23:58
139,Samfya,-11.3649,29.5565,72.57,broken clouds,50,64,7.54,ZM,2021-11-05 04:19:09
140,Clyde River,70.4692,-68.5914,17.8,overcast clouds,86,99,11.97,CA,2021-11-05 04:23:59
141,Aykhal,66.0,111.5,2.35,overcast clouds,92,100,31.68,RU,2021-11-05 04:23:59
142,Bandarbeyla,9.4942,50.8122,77.9,few clouds,71,20,9.19,SO,2021-11-05 04:24:00
143,Guozhen,34.3659,107.359,61.68,broken clouds,74,82,5.61,CN,2021-11-05 04:24:00
144,Ulladulla,-35.35,150.4667,67.1,light rain,89,100,6.73,AU,2021-11-05 04:24:01
145,Dingle,10.9995,122.6711,83.07,light rain,80,96,3.15,PH,2021-11-05 04:24:01
146,Hailar,49.2,119.7,26.29,overcast clouds,27,100,14.07,CN,2021-11-05 04:24:02
147,Olafsvik,64.8945,-23.7142,42.15,scattered clouds,74,41,22.97,IS,2021-11-05 04:24:03
148,Keita,14.7551,5.7749,79.12,clear sky,18,0,7.54,NE,2021-11-05 04:24:03
149,Norman Wells,65.282,-126.8329,8.64,few clouds,85,20,3.44,CA,2021-11-05 04:24:04
150,Bakau,13.4781,-16.6819,77.14,clear sky,94,0,2.3,GM,2021-11-05 04:24:05
151,Grand Gaube,-20.0064,57.6608,77.4,few clouds,81,16,10.76,MU,2021-11-05 04:24:06
152,Ahipara,-35.1667,173.1667,61.14,overcast clouds,90,99,11.43,NZ,2021-11-05 04:24:06
153,Verkhoyansk,67.5447,133.385,0.61,broken clouds,95,71,3.56,RU,2021-11-05 04:24:07
154,Lavrentiya,65.5833,-171.0,14.61,overcast clouds,82,100,11.39,RU,2021-11-05 04:24:07
155,Hastings,50.8552,0.5729,41.9,scattered clouds,80,41,12.8,GB,2021-11-05 04:24:08
156,Lakes Entrance,-37.8811,147.981,69.17,overcast clouds,87,100,10.27,AU,2021-11-05 04:24:08
157,Ippy,6.2679,21.2247,68.58,overcast clouds,96,97,3.22,CF,2021-11-05 04:24:08
158,Buwenge,0.6422,33.1744,61.79,few clouds,97,21,1.66,UG,2021-11-05 04:24:09
159,Mount Isa,-20.7333,139.5,98.37,scattered clouds,20,40,6.91,AU,2021-11-05 04:24:09
160,Wattegama,6.7989,81.4808,79.72,broken clouds,67,79,2.57,LK,2021-11-05 04:24:10
161,Bambous Virieux,-20.3428,57.7575,77.25,few clouds,78,20,5.75,MU,2021-11-05 04:24:10
162,Canberra,-35.2835,149.1281,62.58,broken clouds,85,75,12.66,AU,2021-11-05 04:23:18
163,Blind River,46.1834,-82.9582,41.25,scattered clouds,71,32,5.35,CA,2021-11-05 04:24:11
164,Ballina,-28.8667,153.5667,71.56,overcast clouds,67,90,11.5,AU,2021-11-05 04:24:12
165,Mana,5.6592,-53.7767,79.09,overcast clouds,81,100,9.06,GF,2021-11-05 04:24:12
166,Torbay,47.6666,-52.7314,38.75,scattered clouds,83,40,8.05,CA,2021-11-05 04:24:12
167,Fortuna,40.5982,-124.1573,52.36,overcast clouds,68,90,3.0,US,2021-11-05 04:24:13
168,Trelew,-43.249,-65.3051,56.86,clear sky,20,5,11.97,AR,2021-11-05 04:24:13
169,Ponta Do Sol,32.6667,-17.1,66.7,broken clouds,64,73,6.91,PT,2021-11-05 04:24:14
170,Hobart,-42.8794,147.3294,74.01,few clouds,60,20,1.99,AU,2021-11-05 04:21:28
171,Komsomolskiy,40.4272,71.7189,35.02,haze,43,75,2.3,UZ,2021-11-05 04:24:15
172,Faya,18.3851,42.4509,55.51,clear sky,32,0,4.0,SA,2021-11-05 04:24:15
173,Hilo,19.7297,-155.09,74.8,light rain,92,75,5.75,US,2021-11-05 04:24:15
174,Ambilobe,-13.2,49.05,78.53,scattered clouds,70,48,3.02,MG,2021-11-05 04:24:16
175,Touros,-5.1989,-35.4608,79.7,overcast clouds,78,98,10.02,BR,2021-11-05 04:24:16
176,Senno,59.5336,33.9167,40.26,moderate rain,82,100,9.95,RU,2021-11-05 04:24:17
177,Hualmay,-11.0964,-77.6139,63.3,overcast clouds,87,89,9.6,PE,2021-11-05 04:24:17
178,Krutinka,56.0055,71.5113,26.1,scattered clouds,72,28,16.98,RU,2021-11-05 04:22:06
179,Minbu,20.1833,94.8833,82.8,broken clouds,75,66,4.79,MM,2021-11-05 04:24:18
180,Harper,4.375,-7.7169,76.89,light rain,89,15,5.55,LR,2021-11-05 04:25:22
181,Mwanza,-2.5167,32.9,71.2,light rain,72,91,3.47,TZ,2021-11-05 04:25:23
182,Cortland,42.6001,-76.083,33.66,clear sky,88,1,0.0,US,2021-11-05 04:25:23
183,Hofn,64.2539,-15.2082,40.3,broken clouds,61,56,5.73,IS,2021-11-05 04:25:24
184,Severo-Kurilsk,50.6789,156.125,37.98,overcast clouds,73,100,7.05,RU,2021-11-05 04:25:24
185,Javanrud,34.7961,46.5172,51.44,clear sky,68,9,5.57,IR,2021-11-05 04:25:25
186,Tasiilaq,65.6145,-37.6368,14.54,scattered clouds,86,45,5.46,GL,2021-11-05 04:25:25
187,Elizabeth City,36.2946,-76.2511,53.65,clear sky,88,1,6.91,US,2021-11-05 04:23:01
188,Nsanje,-16.92,35.262,76.5,few clouds,75,12,5.1,MW,2021-11-05 04:25:26
189,Xingyi,24.1877,102.817,67.64,scattered clouds,68,42,9.28,CN,2021-11-05 04:25:26
190,Manjacaze,-24.7117,33.8828,69.67,overcast clouds,80,86,5.73,MZ,2021-11-05 04:25:27
191,Namibe,-15.1961,12.1522,65.43,broken clouds,78,76,7.47,AO,2021-11-05 04:25:27
192,Aqtobe,50.2797,57.2072,15.89,clear sky,62,0,6.71,KZ,2021-11-05 04:25:28
193,Kavieng,-2.5744,150.7967,84.79,overcast clouds,63,100,14.45,PG,2021-11-05 04:25:28
194,Umm Kaddadah,13.6017,26.6876,77.94,clear sky,32,3,15.55,SD,2021-11-05 04:25:28
195,Upernavik,72.7868,-56.1549,19.58,few clouds,72,24,6.96,GL,2021-11-05 04:25:29
196,Aketi,2.7388,23.7833,66.92,broken clouds,99,72,0.63,CD,2021-11-05 04:25:30
197,Ibra,22.6906,58.5334,72.66,clear sky,48,2,1.07,OM,2021-11-05 04:25:30
198,Malanje,-9.5402,16.341,63.23,overcast clouds,94,95,2.19,AO,2021-11-05 04:25:31
199,Port Antonio,18.18,-76.4612,80.51,clear sky,82,7,6.69,JM,2021-11-05 04:25:31
200,Sitka,57.0531,-135.33,44.49,light rain,76,90,5.75,US,2021-11-05 04:25:32
201,Sayyan,15.1718,44.3244,53.01,clear sky,33,2,3.65,YE,2021-11-05 04:25:32
202,Kupang,-10.1667,123.5833,90.18,scattered clouds,62,40,10.36,ID,2021-11-05 04:25:32
203,Cap Malheureux,-19.9842,57.6142,77.49,few clouds,80,11,10.65,MU,2021-11-05 04:25:33
204,Verkhoturye,58.8627,60.8054,31.86,scattered clouds,80,49,12.8,RU,2021-11-05 04:21:15
205,Kushima,31.4583,131.2333,72.91,broken clouds,51,63,9.22,JP,2021-11-05 04:25:34
206,Filadelfia,39.9523,-75.1638,41.36,few clouds,68,20,1.99,US,2021-11-05 04:25:10
207,Asilah,35.465,-6.0348,49.86,clear sky,58,1,7.83,MA,2021-11-05 04:25:35
208,Nouadhibou,20.931,-17.0347,68.59,broken clouds,77,81,14.56,MR,2021-11-05 04:25:35
209,Linqiong,30.4159,103.4609,64.22,scattered clouds,68,42,3.96,CN,2021-11-05 04:25:36
210,Saint-Francois,46.4154,3.9054,44.47,overcast clouds,100,90,2.3,FR,2021-11-05 04:25:36
211,Roma,43.2128,-75.4557,33.66,clear sky,93,1,4.61,US,2021-11-05 04:25:36
212,Bluff,-46.6,168.3333,59.81,overcast clouds,60,100,12.57,NZ,2021-11-05 04:25:37
213,Dunedin,-45.8742,170.5036,56.82,broken clouds,61,71,4.12,NZ,2021-11-05 04:25:37
214,Ribeira Grande,38.5167,-28.7,70.2,broken clouds,88,75,23.02,PT,2021-11-05 04:25:38
215,Nara,34.6851,135.8049,69.04,broken clouds,49,61,8.3,JP,2021-11-05 04:25:38
216,Kaitangata,-46.2817,169.8464,55.98,overcast clouds,62,98,6.89,NZ,2021-11-05 04:25:39
217,Saint-Augustin,51.226,-58.6502,30.31,few clouds,42,16,6.2,CA,2021-11-05 04:25:39
218,Airai,-8.9266,125.4092,80.92,broken clouds,40,76,1.74,TL,2021-11-05 04:25:40
219,Along,28.1667,94.7667,75.06,clear sky,40,4,0.98,IN,2021-11-05 04:25:41
220,Vila Velha,-20.3297,-40.2925,73.35,clear sky,83,0,5.75,BR,2021-11-05 04:25:41
221,Pasni,25.2631,63.471,77.7,few clouds,47,14,4.88,PK,2021-11-05 04:26:41
222,Westport,41.1415,-73.3579,46.81,clear sky,76,1,6.44,US,2021-11-05 04:21:46
223,Houma,29.5958,-90.7195,57.99,overcast clouds,84,100,7.0,US,2021-11-05 04:23:01
224,Adre,13.4667,22.2,74.37,overcast clouds,28,91,13.49,TD,2021-11-05 04:26:42
225,Seydisehir,37.4193,31.8453,47.68,clear sky,69,7,3.56,TR,2021-11-05 04:26:43
226,Lunenburg,44.3835,-64.3155,39.25,overcast clouds,81,98,2.3,CA,2021-11-05 04:26:43
227,Chicama,-7.8447,-79.1469,64.38,overcast clouds,81,100,6.29,PE,2021-11-05 04:26:44
228,Casablanca,33.5928,-7.6192,51.82,clear sky,60,6,7.9,MA,2021-11-05 04:26:44
229,Kerouane,9.2667,-9.0167,70.93,clear sky,82,3,3.44,GN,2021-11-05 04:26:44
230,Saint George,37.1041,-113.5841,67.35,clear sky,40,1,3.44,US,2021-11-05 04:26:45
231,Changli,39.7042,119.1506,65.52,clear sky,49,0,4.88,CN,2021-11-05 04:26:45
232,Yugo-Kamskiy,57.7053,55.5894,33.82,overcast clouds,72,100,13.85,RU,2021-11-05 04:26:46
233,Kirovsk,48.6375,38.6428,48.67,overcast clouds,92,90,6.67,UA,2021-11-05 04:26:46
234,Davidson,36.1501,-86.7833,41.43,clear sky,76,1,4.0,US,2021-11-05 04:25:02
235,Honiara,-9.4333,159.95,85.69,light rain,63,51,5.57,SB,2021-11-05 04:26:47
236,Santa Fe,-31.6333,-60.7,65.01,moderate rain,92,100,8.99,AR,2021-11-05 04:26:47
237,Wodzislaw Slaski,50.0038,18.4721,42.96,scattered clouds,83,39,13.15,PL,2021-11-05 04:26:48
238,Ketchikan,55.3422,-131.6461,48.67,moderate rain,87,90,11.5,US,2021-11-05 04:26:48
239,La Paz,-16.5,-68.15,48.18,broken clouds,61,75,10.36,BO,2021-11-05 04:26:48
240,Mogadishu,2.0371,45.3438,79.95,scattered clouds,78,35,12.97,SO,2021-11-05 04:26:49
241,Bubaque,11.2833,-15.8333,82.56,scattered clouds,74,35,7.36,GW,2021-11-05 04:26:49
242,Wawa,9.9022,4.4192,78.33,broken clouds,62,56,3.29,NG,2021-11-05 04:26:50
243,Iqaluit,63.7506,-68.5145,13.73,few clouds,66,20,5.99,CA,2021-11-05 04:26:50
244,Alofi,-19.0595,-169.9187,80.49,broken clouds,69,74,13.8,NU,2021-11-05 04:24:48
245,Baloda Bazar,21.6667,82.1667,75.7,scattered clouds,50,27,6.6,IN,2021-11-05 04:26:51
246,Srednekolymsk,67.45,153.6833,-5.78,broken clouds,92,67,2.98,RU,2021-11-05 04:26:51
247,Aklavik,68.2191,-135.0107,22.03,overcast clouds,97,85,3.67,CA,2021-11-05 04:26:52
248,Nikolskoye,59.7035,30.7861,45.88,moderate rain,93,100,10.45,RU,2021-11-05 04:26:52
249,Korla,41.7597,86.1469,32.29,overcast clouds,19,98,15.17,CN,2021-11-05 04:26:52
250,Vestmannaeyjar,63.4427,-20.2734,44.96,broken clouds,74,54,19.91,IS,2021-11-05 04:26:53
251,Acari,-15.4311,-74.6158,66.02,scattered clouds,81,27,3.27,PE,2021-11-05 04:26:53
252,Ivanteyevka,55.9711,37.9208,48.83,overcast clouds,97,100,10.11,RU,2021-11-05 04:26:54
253,Te Anau,-45.4167,167.7167,67.46,overcast clouds,46,100,2.06,NZ,2021-11-05 04:26:55
254,Berwick,41.0545,-76.2333,35.1,scattered clouds,82,31,2.13,US,2021-11-05 04:26:55
255,San Patricio,28.017,-97.5169,58.86,clear sky,76,2,7.7,US,2021-11-05 04:26:55
256,Cururupu,-1.8283,-44.8683,74.46,scattered clouds,94,35,2.33,BR,2021-11-05 04:26:56
257,Narrabri,-30.3167,149.7833,68.09,overcast clouds,56,90,10.36,AU,2021-11-05 04:26:56
258,Kailua,21.4022,-157.7394,80.58,scattered clouds,79,40,11.5,US,2021-11-05 04:26:57
259,Geraldton,-28.7667,114.6,73.81,clear sky,43,7,18.41,AU,2021-11-05 04:26:57
260,Darnah,32.767,22.6367,74.86,overcast clouds,49,100,10.76,LY,2021-11-05 04:26:58
261,Cabo San Lucas,22.8909,-109.9124,73.71,clear sky,68,1,0.0,MX,2021-11-05 04:25:26
262,Xichang,27.8964,102.2634,64.13,clear sky,56,1,3.18,CN,2021-11-05 04:26:58
263,Krabi,8.0726,98.9105,86.2,broken clouds,74,75,5.75,TH,2021-11-05 04:26:59
264,Lasa,46.6166,10.7002,32.88,scattered clouds,88,34,4.07,IT,2021-11-05 04:26:59
265,Caravelas,-17.7125,-39.2481,73.62,overcast clouds,88,92,3.49,BR,2021-11-05 04:26:59
266,Sterling,39.0062,-77.4286,40.01,mist,86,1,3.44,US,2021-11-05 04:22:27
267,Lebu,-37.6167,-73.65,50.47,clear sky,79,0,23.62,CL,2021-11-05 04:27:00
268,Walvis Bay,-22.9575,14.5053,56.35,few clouds,88,16,3.44,NA,2021-11-05 04:27:00
269,Manaure,11.7751,-72.4445,81.03,few clouds,76,14,10.09,CO,2021-11-05 04:27:01
270,Hendrina,-26.1588,29.7153,61.27,clear sky,77,1,5.93,ZA,2021-11-05 04:28:02
271,Mindelo,16.8901,-24.9804,74.75,scattered clouds,83,34,8.05,CV,2021-11-05 04:28:02
272,Blagoyevo,63.3667,47.9167,37.58,overcast clouds,98,100,7.38,RU,2021-11-05 04:28:03
273,Pinhao,-25.6956,-51.6597,59.23,overcast clouds,96,92,2.46,BR,2021-11-05 04:28:03
274,Portsmouth,50.799,-1.0913,38.91,clear sky,90,9,8.32,GB,2021-11-05 04:28:04
275,Nantucket,41.2835,-70.0995,50.11,overcast clouds,69,90,8.05,US,2021-11-05 04:28:05
276,Borogontsy,62.6683,131.1683,20.86,overcast clouds,89,100,3.89,RU,2021-11-05 04:28:05
277,Koroni,36.8,21.95,67.06,overcast clouds,72,96,5.79,GR,2021-11-05 04:28:05
278,Byron Bay,-28.65,153.6167,71.55,overcast clouds,71,99,8.93,AU,2021-11-05 04:28:06
279,Husavik,66.0449,-17.3389,35.51,broken clouds,92,81,7.16,IS,2021-11-05 04:28:06
280,Mormugao,15.4,73.8,81.66,broken clouds,78,75,5.75,IN,2021-11-05 04:28:07
281,Muswellbrook,-32.2667,150.9,61.66,light rain,92,100,1.25,AU,2021-11-05 04:28:07
282,Port Macquarie,-31.4333,152.9167,69.76,overcast clouds,77,100,13.11,AU,2021-11-05 04:28:08
283,Diu,20.7141,70.9822,81.27,overcast clouds,40,99,13.51,IN,2021-11-05 04:28:08
284,Maceio,-9.6658,-35.7353,78.24,scattered clouds,94,40,3.44,BR,2021-11-05 04:24:21
285,Puerto Leguizamo,-0.1934,-74.7819,72.28,overcast clouds,99,100,2.15,CO,2021-11-05 04:28:09
286,Bolama,11.5833,-15.4667,81.0,scattered clouds,77,47,4.7,GW,2021-11-05 04:28:09
287,Laguna,38.421,-121.4238,60.06,clear sky,87,1,3.44,US,2021-11-05 04:28:10
288,Mazatlan,23.2167,-106.4167,80.02,clear sky,83,1,1.01,MX,2021-11-05 04:28:10
289,Khatanga,71.9667,102.5,27.25,light snow,93,100,20.42,RU,2021-11-05 04:28:11
290,Naze,28.3667,129.4833,72.52,broken clouds,58,64,8.86,JP,2021-11-05 04:28:11
291,San Cristobal,7.7669,-72.225,69.98,scattered clouds,97,33,1.79,VE,2021-11-05 04:28:11
292,Waipawa,-41.4122,175.5153,55.02,overcast clouds,94,100,8.93,NZ,2021-11-05 04:28:12
293,Paraiso,9.8383,-83.8656,65.88,overcast clouds,96,99,1.39,CR,2021-11-05 04:28:12
294,Ostrovnoy,68.0531,39.5131,35.47,overcast clouds,74,100,7.23,RU,2021-11-05 04:28:13
295,Pevek,69.7008,170.3133,-5.94,overcast clouds,92,100,6.49,RU,2021-11-05 04:28:13
296,Saryozek,44.3583,77.9753,16.86,clear sky,51,0,2.15,KZ,2021-11-05 04:28:13
297,Neyshabur,36.2133,58.7958,43.34,clear sky,58,7,3.49,IR,2021-11-05 04:28:14
298,Havre-Saint-Pierre,50.2334,-63.5986,37.4,overcast clouds,86,90,2.3,CA,2021-11-05 04:28:14
299,Nyurba,63.2842,118.3319,2.71,scattered clouds,83,34,11.3,RU,2021-11-05 04:28:15
300,Oussouye,12.485,-16.5469,78.98,broken clouds,81,69,4.7,SN,2021-11-05 04:28:15
301,Mamakan,57.8161,114.0028,6.08,overcast clouds,64,100,13.0,RU,2021-11-05 04:28:16
302,Devonport,-41.1667,146.35,67.78,broken clouds,72,62,9.55,AU,2021-11-05 04:28:16
303,Kununurra,-15.7667,128.7333,96.78,broken clouds,46,61,9.22,AU,2021-11-05 04:28:17
304,Amapa,1.0,-52.0,71.46,scattered clouds,94,47,1.68,BR,2021-11-05 04:28:17
305,Hambantota,6.1241,81.1185,80.94,moderate rain,89,40,4.61,LK,2021-11-05 04:28:17
306,Teguldet,57.3064,88.1667,14.47,overcast clouds,84,100,15.57,RU,2021-11-05 04:28:18
307,Avera,33.194,-82.5271,47.08,overcast clouds,72,100,10.38,US,2021-11-05 04:28:18
308,Tuatapere,-46.1333,167.6833,59.83,overcast clouds,59,100,6.6,NZ,2021-11-05 04:28:19
309,Aktas,49.7789,72.9608,12.74,few clouds,76,22,9.04,KZ,2021-11-05 04:28:19
310,Whitianga,-36.8333,175.7,70.02,broken clouds,84,83,13.87,NZ,2021-11-05 04:28:20
311,Esperance,-33.8667,121.9,67.84,broken clouds,62,80,19.53,AU,2021-11-05 04:28:20
312,Lalmohan,22.3384,90.7419,77.23,scattered clouds,66,32,11.61,BD,2021-11-05 04:28:21
313,Itarema,-2.9248,-39.9167,79.39,few clouds,81,23,8.43,BR,2021-11-05 04:28:21
314,Itaituba,-4.2761,-55.9836,78.96,few clouds,89,20,0.0,BR,2021-11-05 04:28:21
315,Itamaraca,-7.7478,-34.8256,80.65,overcast clouds,80,90,9.62,BR,2021-11-05 04:28:22
316,Eskisehir,39.7767,30.5206,39.11,fog,100,75,0.0,TR,2021-11-05 04:28:23
317,Southbridge,42.0751,-72.0334,39.42,overcast clouds,91,100,2.15,US,2021-11-05 04:28:23
318,Luena,-11.7833,19.9167,61.83,overcast clouds,92,85,2.35,AO,2021-11-05 04:28:23
319,Dikson,73.5069,80.5464,16.3,broken clouds,89,56,17.45,RU,2021-11-05 04:29:30
320,Mae Hong Son,19.3003,97.9685,80.74,few clouds,78,20,3.44,TH,2021-11-05 04:29:31
321,Skegness,53.1436,0.3363,44.58,broken clouds,77,64,11.61,GB,2021-11-05 04:29:31
322,Turgenevo,54.8455,46.3297,41.63,overcast clouds,67,100,10.45,RU,2021-11-05 04:29:32
323,Uttaradit,17.6667,100.5,86.68,few clouds,66,13,2.3,TH,2021-11-05 04:29:32
324,Atbasar,51.8,68.3333,19.33,scattered clouds,65,28,12.84,KZ,2021-11-05 04:29:33
325,Calama,-22.4667,-68.9333,43.29,clear sky,26,0,13.8,CL,2021-11-05 04:29:33
326,Grajau,-5.8194,-46.1386,73.51,broken clouds,93,83,3.44,BR,2021-11-05 04:29:34
327,Talnakh,69.4865,88.3972,7.34,broken clouds,98,58,2.35,RU,2021-11-05 04:29:34
328,Chapais,49.7834,-74.8492,22.78,broken clouds,79,54,5.66,CA,2021-11-05 04:29:34
329,Palauig,15.435,119.9045,86.31,clear sky,61,4,6.69,PH,2021-11-05 04:29:35
330,Banikoara,11.2985,2.4386,76.3,clear sky,42,5,3.36,BJ,2021-11-05 04:29:35
331,Alice Springs,-23.7,133.8833,94.55,scattered clouds,24,40,6.91,AU,2021-11-05 04:25:41
332,Vila Franca Do Campo,37.7167,-25.4333,67.19,overcast clouds,75,100,16.62,PT,2021-11-05 04:29:36
333,Sungai Padi,6.0851,101.8766,88.72,moderate rain,59,99,3.47,TH,2021-11-05 04:29:37
334,Kloulklubed,7.0419,134.2556,88.3,overcast clouds,74,99,9.62,PW,2021-11-05 04:29:37
335,Emerald,-23.5333,148.1667,87.94,broken clouds,33,75,5.75,AU,2021-11-05 04:29:37
336,Alta Floresta,-9.8756,-56.0861,71.4,overcast clouds,97,100,2.26,BR,2021-11-05 04:29:38
337,Great Bend,38.3645,-98.7648,46.89,clear sky,93,1,12.66,US,2021-11-05 04:27:01
338,Chokurdakh,70.6333,147.9167,-10.43,broken clouds,98,74,8.25,RU,2021-11-05 04:29:39
339,Beyneu,45.3167,55.2,32.22,scattered clouds,62,41,12.88,KZ,2021-11-05 04:29:39
340,Shingu,33.7333,135.9833,70.79,clear sky,47,0,4.32,JP,2021-11-05 04:29:39
341,Vanavara,60.34,102.2797,11.12,overcast clouds,81,100,13.85,RU,2021-11-05 04:29:40
342,Rocha,-34.4833,-54.3333,65.39,overcast clouds,92,96,5.46,UY,2021-11-05 04:29:40
343,Sohbatpur,28.5202,68.5434,79.21,clear sky,21,2,3.96,PK,2021-11-05 04:29:41
344,Burla,21.5,83.8667,76.41,clear sky,55,7,5.08,IN,2021-11-05 04:29:41
345,Presidente Epitacio,-21.7633,-52.1156,77.81,clear sky,54,5,3.74,BR,2021-11-05 04:29:42
346,Jackson,42.4165,-122.8345,49.86,clear sky,88,1,3.44,US,2021-11-05 04:29:42
347,Columbus,39.9612,-82.9988,35.8,clear sky,85,1,0.0,US,2021-11-05 04:29:12
348,Ozernovskiy,51.5,156.5167,37.2,overcast clouds,76,99,8.01,RU,2021-11-05 04:29:43
349,Goderich,43.7501,-81.7165,34.92,scattered clouds,93,40,3.44,CA,2021-11-05 04:29:43
350,Tiarei,-17.5333,-149.3333,82.42,light rain,77,16,13.51,PF,2021-11-05 04:29:44
351,Aleysk,52.4926,82.7822,12.76,overcast clouds,82,100,18.37,RU,2021-11-05 04:29:14
352,Arkhangelsk,64.5401,40.5433,44.71,overcast clouds,87,90,6.71,RU,2021-11-05 04:29:44
353,Vitoria Do Mearim,-3.4622,-44.8706,74.48,overcast clouds,93,86,2.71,BR,2021-11-05 04:29:45
354,Canaman,13.648,123.1699,84.92,overcast clouds,70,100,6.33,PH,2021-11-05 04:29:45
355,Jumla,29.2747,82.1838,56.8,clear sky,25,0,2.35,NP,2021-11-05 04:29:46
356,Strezhevoy,60.7333,77.5889,30.18,overcast clouds,93,100,11.41,RU,2021-11-05 04:29:46
357,Christchurch,-43.5333,172.6333,60.94,broken clouds,63,75,5.99,NZ,2021-11-05 04:29:47
358,Hayden,47.766,-116.7866,50.56,moderate rain,89,90,9.22,US,2021-11-05 04:29:47
359,Shurob,40.0491,70.5489,32.27,overcast clouds,73,99,3.13,TJ,2021-11-05 04:29:47
360,Leningradskiy,69.3833,178.4167,-7.33,overcast clouds,94,89,5.37,RU,2021-11-05 04:29:48
361,Gongzhuling,43.5008,124.8198,60.46,clear sky,48,0,12.77,CN,2021-11-05 04:29:48
362,Tecoanapa,16.5167,-98.75,78.33,overcast clouds,82,100,2.01,MX,2021-11-05 04:29:49
363,Muisne,0.6,-80.0333,74.77,overcast clouds,87,100,5.21,EC,2021-11-05 04:29:49
364,Hamilton,39.1834,-84.5333,37.78,clear sky,81,1,0.0,US,2021-11-05 04:29:50
365,Yulara,-25.2406,130.9889,93.04,overcast clouds,26,100,18.41,AU,2021-11-05 04:29:50
366,Oktyabrskoye,43.0645,44.7417,46.54,fog,100,35,2.24,RU,2021-11-05 04:29:50
367,Marzuq,14.4,46.4667,72.37,clear sky,23,2,2.98,YE,2021-11-05 04:30:51
368,Pak Phanang,8.3511,100.202,88.41,light rain,81,99,7.52,TH,2021-11-05 04:30:52
369,Broome,42.2506,-75.833,33.53,clear sky,76,1,3.0,US,2021-11-05 04:30:52
370,Blora,-6.9698,111.4186,89.28,light rain,55,100,3.27,ID,2021-11-05 04:30:52
371,Fukue,32.6881,128.8419,68.36,clear sky,49,0,8.05,JP,2021-11-05 04:30:53
372,Leo,11.1,-2.1,75.24,clear sky,42,3,4.32,BF,2021-11-05 04:30:53
373,Massakory,12.996,15.7293,78.96,broken clouds,18,56,8.05,TD,2021-11-05 04:30:54
374,Hokitika,-42.7167,170.9667,60.04,clear sky,68,1,5.79,NZ,2021-11-05 04:30:54
375,Dale,38.1689,-86.99,36.46,clear sky,93,1,0.0,US,2021-11-05 04:30:55
376,Aksha,50.2814,113.2867,13.62,overcast clouds,35,100,15.23,RU,2021-11-05 04:30:55
377,Birjand,32.8663,59.2211,50.47,clear sky,62,0,11.5,IR,2021-11-05 04:30:55
378,Jasper,37.2001,-94.3502,46.02,broken clouds,77,75,5.75,US,2021-11-05 04:30:56
379,Les Cayes,18.2,-73.75,77.13,clear sky,83,7,3.06,HT,2021-11-05 04:30:56
380,Colquechaca,-18.6667,-66.0167,38.23,overcast clouds,58,99,3.89,BO,2021-11-05 04:30:57
381,Corpus Christi,27.8006,-97.3964,57.6,overcast clouds,81,90,4.0,US,2021-11-05 04:28:40
382,Nha Trang,12.25,109.1833,86.0,scattered clouds,68,48,6.35,VN,2021-11-05 04:26:54
383,Ilulissat,69.2167,-51.1,26.62,light snow,86,90,8.05,GL,2021-11-05 04:30:58
384,Bafoulabe,13.8065,-10.8321,79.77,broken clouds,64,52,3.47,ML,2021-11-05 04:30:58
385,Tabuk,17.4189,121.4443,86.32,clear sky,62,7,6.38,PH,2021-11-05 04:30:59
386,Perbaungan,3.5679,98.956,91.18,light rain,69,95,8.66,ID,2021-11-05 04:30:59
387,Diamantino,-14.4086,-56.4461,73.44,overcast clouds,90,100,3.56,BR,2021-11-05 04:30:59
388,Kretinga,55.8758,21.2508,44.35,broken clouds,93,75,13.8,LT,2021-11-05 04:31:00
389,Conakry,9.538,-13.6773,72.36,broken clouds,78,73,1.34,GN,2021-11-05 04:31:00
390,Senanga,-16.1167,23.2667,74.37,overcast clouds,58,96,5.26,ZM,2021-11-05 04:31:01
391,Esmeraldas,-19.7625,-44.3139,74.26,clear sky,89,3,3.58,BR,2021-11-05 04:27:28
392,Nanortalik,60.1432,-45.2371,31.78,overcast clouds,92,98,2.62,GL,2021-11-05 04:31:02
393,Grand-Santi,4.25,-54.3833,71.01,clear sky,97,2,2.13,GF,2021-11-05 04:31:03
394,Nagykanizsa,46.4535,16.991,44.19,broken clouds,78,72,6.6,HU,2021-11-05 04:31:03
395,Kvarkeno,52.0833,59.725,25.84,broken clouds,36,58,12.39,RU,2021-11-05 04:31:04
396,Great Yarmouth,52.6083,1.7305,43.95,overcast clouds,79,92,15.95,GB,2021-11-05 04:31:04
397,Codrington,-38.2667,141.9667,73.71,few clouds,57,18,5.48,AU,2021-11-05 04:31:05
398,Salalah,17.0151,54.0924,77.09,few clouds,78,20,3.44,OM,2021-11-05 04:31:06
399,Wajima,37.4,136.9,59.68,scattered clouds,77,40,4.61,JP,2021-11-05 04:31:06
400,Wichita Falls,33.9137,-98.4934,46.26,clear sky,93,1,6.91,US,2021-11-05 04:30:07
401,Cayenne,4.9333,-52.3333,81.09,few clouds,82,20,3.0,GF,2021-11-05 04:30:05
402,Lazaro Cardenas,17.9583,-102.2,76.77,overcast clouds,87,97,3.67,MX,2021-11-05 04:31:07
403,Port Lincoln,-34.7333,135.8667,70.99,light rain,51,72,11.36,AU,2021-11-05 04:31:08
404,Oga,46.4631,10.347,25.48,broken clouds,95,56,3.78,IT,2021-11-05 04:31:08
405,Belmonte,-15.8631,-38.8828,75.7,overcast clouds,95,100,3.58,BR,2021-11-05 04:31:09
406,Pirgos,35.1167,25.7178,70.93,broken clouds,65,78,3.15,GR,2021-11-05 04:31:09
407,Gamba,-2.65,10.0,76.39,overcast clouds,89,99,6.22,GA,2021-11-05 04:31:10
408,Aktau,43.65,51.2,28.98,overcast clouds,27,99,21.07,KZ,2021-11-05 04:31:10
409,Weihe,32.9952,105.3247,56.14,overcast clouds,77,98,5.48,CN,2021-11-05 04:31:11
410,Tessalit,20.1986,1.0114,76.44,clear sky,16,0,3.78,ML,2021-11-05 04:31:11
411,Alyangula,-13.8483,136.4192,87.67,overcast clouds,66,90,4.61,AU,2021-11-05 04:31:11
412,La Asuncion,11.0333,-63.8628,89.33,clear sky,86,5,0.0,VE,2021-11-05 04:31:12
413,Flinders,-34.5833,150.8552,71.2,overcast clouds,86,100,6.85,AU,2021-11-05 04:31:12
414,Batagay,67.6333,134.6333,0.68,broken clouds,95,83,4.25,RU,2021-11-05 04:32:13
415,Churapcha,62.0025,132.4325,22.95,overcast clouds,90,100,6.33,RU,2021-11-05 04:32:13
416,Severodvinsk,64.5635,39.8302,44.71,overcast clouds,92,100,11.7,RU,2021-11-05 04:31:20
417,Asekeyevo,53.5742,52.7972,33.21,overcast clouds,39,100,13.42,RU,2021-11-05 04:32:14
418,Belle Fourche,44.6714,-103.8522,66.54,overcast clouds,44,96,6.44,US,2021-11-05 04:32:14
419,Orocue,4.7912,-71.3354,74.97,broken clouds,89,58,5.77,CO,2021-11-05 04:32:15
420,Tulum,20.2167,-87.4667,75.25,overcast clouds,93,100,1.68,MX,2021-11-05 04:32:15
421,Peniche,39.3558,-9.3811,54.63,clear sky,83,0,17.76,PT,2021-11-05 04:32:16
422,Tahe,52.3333,124.7333,29.61,overcast clouds,31,100,9.42,CN,2021-11-05 04:32:16
423,Poum,-20.2333,164.0167,73.42,broken clouds,72,62,10.42,NC,2021-11-05 04:32:17
424,Ontario,34.0633,-117.6509,75.04,haze,62,1,3.44,US,2021-11-05 04:30:47
425,Samarai,-10.6167,150.6667,83.07,few clouds,73,11,10.13,PG,2021-11-05 04:32:17
426,Bonthe,7.5264,-12.505,77.43,light rain,85,74,0.27,SL,2021-11-05 04:32:18
427,Lubango,-14.9172,13.4925,66.13,overcast clouds,42,90,3.06,AO,2021-11-05 04:32:18
428,Kitgum,3.2783,32.8867,70.02,scattered clouds,81,42,0.69,UG,2021-11-05 04:32:19
429,Hobyo,5.3505,48.5268,80.94,scattered clouds,69,45,3.67,SO,2021-11-05 04:32:19
430,Vostok,46.4856,135.8833,45.84,clear sky,49,6,5.99,RU,2021-11-05 04:32:20
431,Rjukan,59.8789,8.5941,40.05,broken clouds,80,70,6.71,NO,2021-11-05 04:32:20
432,Tautira,-17.7333,-149.15,82.42,light rain,77,27,12.55,PF,2021-11-05 04:32:20
433,Pathein,16.7833,94.7333,86.95,overcast clouds,66,100,1.21,MM,2021-11-05 04:32:21
434,Okha,53.5739,142.9478,38.44,scattered clouds,73,47,4.23,RU,2021-11-05 04:32:21
435,Muroto,33.2833,134.15,71.64,clear sky,51,3,1.54,JP,2021-11-05 04:32:22
436,Northam,51.0333,-4.2167,46.56,overcast clouds,76,100,9.26,GB,2021-11-05 04:32:22
437,Bridgend,51.5058,-3.5772,46.99,scattered clouds,86,39,2.98,GB,2021-11-05 04:32:23
438,Toyooka,35.5333,134.8333,66.31,broken clouds,72,75,5.75,JP,2021-11-05 04:32:23
439,Abu Dhabi,24.4667,54.3667,77.02,haze,88,0,4.61,AE,2021-11-05 04:31:58
440,Kostomuksha,64.571,30.5767,41.49,overcast clouds,93,97,8.93,RU,2021-11-05 04:32:24
441,Los Altos,37.3852,-122.1141,58.98,clear sky,84,1,1.99,US,2021-11-05 04:31:35
442,Zinder,13.8072,8.9881,78.12,clear sky,17,3,10.25,NE,2021-11-05 04:32:25
443,Maltahohe,-24.8333,16.9833,66.07,broken clouds,18,54,9.19,NA,2021-11-05 04:32:25
444,Nelson Bay,-32.7167,152.15,71.65,light rain,70,95,3.0,AU,2021-11-05 04:28:38
445,Udachnyy,66.4167,112.4,8.17,overcast clouds,85,89,26.24,RU,2021-11-05 04:32:26
446,Binga,-17.6203,27.3414,83.25,broken clouds,43,68,6.67,ZW,2021-11-05 04:32:26
447,San Jose,37.3394,-121.895,59.25,clear sky,83,1,0.0,US,2021-11-05 04:30:11
448,Saint-Joseph,-21.3667,55.6167,80.47,clear sky,69,4,0.85,RE,2021-11-05 04:32:27
449,Zalantun,48.0,122.7167,39.09,overcast clouds,38,100,19.57,CN,2021-11-05 04:32:28
450,Kokopo,-4.352,152.2633,84.52,overcast clouds,62,95,7.05,PG,2021-11-05 04:32:28
451,Hofgeismar,51.4833,9.4,46.22,overcast clouds,95,100,5.55,DE,2021-11-05 04:32:29
452,Pafos,34.7667,32.4167,62.38,clear sky,59,0,9.22,CY,2021-11-05 04:32:29
453,Sampit,-2.5333,112.95,88.99,heavy intensity rain,60,98,4.63,ID,2021-11-05 04:32:29
454,Khani,41.9563,42.9566,56.77,clear sky,71,5,5.53,GE,2021-11-05 04:32:30
455,Coquimbo,-29.9533,-71.3436,55.13,clear sky,87,0,3.44,CL,2021-11-05 04:29:06
456,Umm Lajj,25.0213,37.2685,83.28,clear sky,42,0,5.28,SA,2021-11-05 04:32:31
457,Barrhead,55.7992,-4.3929,50.05,broken clouds,92,75,1.01,GB,2021-11-05 04:32:31
458,Seydi,39.4816,62.9137,31.86,clear sky,20,0,18.19,TM,2021-11-05 04:32:32
459,Ussel,45.55,2.3167,25.74,overcast clouds,91,95,2.71,FR,2021-11-05 04:32:32
460,Bathsheba,13.2167,-59.5167,81.21,few clouds,78,20,16.11,BB,2021-11-05 04:33:33
461,Nicoya,10.1483,-85.452,72.95,broken clouds,95,78,1.34,CR,2021-11-05 04:33:33
462,Bileca,42.8719,18.4297,64.49,overcast clouds,99,100,7.18,BA,2021-11-05 04:33:34
463,Binghamton,42.0987,-75.918,33.84,light snow,85,1,5.75,US,2021-11-05 04:32:10
464,Santa Maria,-29.6842,-53.8069,65.35,clear sky,92,0,3.33,BR,2021-11-05 04:33:34
465,Praia Da Vitoria,38.7333,-27.0667,68.76,broken clouds,88,75,21.65,PT,2021-11-05 04:33:35
466,Tahoua,14.8888,5.2692,79.93,clear sky,18,0,10.54,NE,2021-11-05 04:33:35
467,Atambua,-9.1061,124.8925,88.25,overcast clouds,53,98,4.21,ID,2021-11-05 04:33:36
468,Atar,20.5169,-13.0499,74.26,broken clouds,30,75,8.39,MR,2021-11-05 04:33:36
469,Elat,29.5581,34.9482,66.04,clear sky,63,0,11.5,IL,2021-11-05 04:29:06
470,Sioux Lookout,50.1001,-91.917,39.58,scattered clouds,70,40,9.22,CA,2021-11-05 04:33:37
471,Roald,62.5833,6.1333,45.34,broken clouds,81,75,11.5,NO,2021-11-05 04:33:37
472,Praia,14.9215,-23.5087,73.94,clear sky,88,0,3.44,CV,2021-11-05 04:33:38
473,Iglesias,39.3114,8.535,49.78,moderate rain,82,81,3.24,IT,2021-11-05 04:33:38
474,Russell,32.3502,-85.1999,51.96,overcast clouds,77,90,3.44,US,2021-11-05 04:33:39
475,Kankon,15.0167,74.0167,83.16,overcast clouds,71,89,3.11,IN,2021-11-05 04:33:39
476,Nyakahanga,-1.6033,31.1414,60.55,broken clouds,86,51,1.48,TZ,2021-11-05 04:33:40
477,Songea,-10.6833,35.65,72.75,clear sky,55,5,6.29,TZ,2021-11-05 04:33:40
478,Belyy Yar,53.6039,91.3903,11.86,clear sky,61,0,4.47,RU,2021-11-05 04:33:40
479,Uyar,55.81,94.3153,15.53,broken clouds,57,81,17.27,RU,2021-11-05 04:33:41
480,Mackay,-21.15,149.2,86.68,clear sky,54,9,13.8,AU,2021-11-05 04:33:41
481,West Odessa,31.8424,-102.4988,44.08,clear sky,84,1,6.91,US,2021-11-05 04:33:42
482,Parral,26.9333,-105.6667,53.8,clear sky,80,1,6.71,MX,2021-11-05 04:30:11
483,Potiskum,11.7091,11.0694,75.69,scattered clouds,22,43,9.66,NG,2021-11-05 04:33:42
484,Mporokoso,-9.3727,30.125,71.44,broken clouds,55,52,4.0,ZM,2021-11-05 04:33:43
485,Portland,45.5234,-122.6762,52.47,broken clouds,91,75,5.01,US,2021-11-05 04:29:25
486,Los Llanos De Aridane,28.6585,-17.9182,65.12,overcast clouds,82,90,8.99,ES,2021-11-05 04:33:44
487,Kutum,14.2,24.6667,69.6,clear sky,38,5,10.04,SD,2021-11-05 04:33:44
488,Kalmunai,7.4167,81.8167,84.36,overcast clouds,66,85,4.9,LK,2021-11-05 04:33:45
489,Broken Hill,-31.95,141.4333,82.11,overcast clouds,20,85,6.91,AU,2021-11-05 04:33:45
490,Roebourne,-20.7833,117.1333,93.97,few clouds,30,15,16.06,AU,2021-11-05 04:33:46
491,Los Banos,14.1667,121.1833,89.8,overcast clouds,76,100,11.03,PH,2021-11-05 04:33:47
492,Kiama,-34.6833,150.8667,67.48,overcast clouds,85,100,8.61,AU,2021-11-05 04:31:41
493,Chenzhou,25.8,113.0333,82.87,broken clouds,61,62,6.67,CN,2021-11-05 04:33:47
494,Outjo,-20.1167,16.15,68.27,scattered clouds,24,40,1.41,NA,2021-11-05 04:33:48
495,Maple Creek,49.9168,-109.4848,57.25,overcast clouds,44,93,13.8,CA,2021-11-05 04:33:48
496,Aksarka,66.5606,67.7975,32.23,overcast clouds,92,100,10.45,RU,2021-11-05 04:33:49
497,Mandleshwar,22.1833,75.6667,81.59,overcast clouds,42,85,7.58,IN,2021-11-05 04:33:49
498,Aswan,24.0934,32.907,70.9,clear sky,43,0,9.22,EG,2021-11-05 04:33:49
499,Kendari,-3.945,122.4989,89.56,overcast clouds,58,94,4.7,ID,2021-11-05 04:29:15
500,Oranjestad,12.524,-70.027,78.75,few clouds,83,20,10.36,AW,2021-11-05 04:33:50
501,Cairns,-16.9167,145.7667,92.07,clear sky,57,5,14.97,AU,2021-11-05 04:33:51
502,Isangel,-19.55,169.2667,80.71,broken clouds,78,75,13.8,VU,2021-11-05 04:33:51
503,Lata,40.1629,-8.3327,48.81,clear sky,81,0,3.87,PT,2021-11-05 04:33:51
504,Nalut,30.3333,10.85,72.52,scattered clouds,18,40,16.75,LY,2021-11-05 04:33:52
505,Bilibino,68.0546,166.4372,-11.63,overcast clouds,99,98,3.58,RU,2021-11-05 04:32:17
506,Namatanai,-3.6667,152.4333,84.88,broken clouds,60,81,9.78,PG,2021-11-05 04:33:52
507,Mansa,29.9833,75.3833,79.21,clear sky,23,0,3.02,IN,2021-11-05 04:33:53
508,Raga,8.4596,25.678,73.71,scattered clouds,72,42,1.9,SS,2021-11-05 04:34:53
509,Shirokiy,49.758,129.523,43.61,overcast clouds,58,100,9.01,RU,2021-11-05 04:34:54
510,Ndele,8.4109,20.6473,70.32,broken clouds,83,51,3.0,CF,2021-11-05 04:34:54
511,Chiang Klang,19.2938,100.8617,83.53,broken clouds,54,80,2.28,TH,2021-11-05 04:34:55
512,Melong,5.1218,9.9614,67.06,overcast clouds,91,94,1.39,CM,2021-11-05 04:34:55
513,Pingliang,35.5392,106.6861,52.54,broken clouds,77,78,9.06,CN,2021-11-05 04:34:56
514,Kahului,20.8947,-156.47,78.82,scattered clouds,82,40,17.27,US,2021-11-05 04:32:28
515,Rawlins,41.7911,-107.2387,52.02,clear sky,54,1,10.36,US,2021-11-05 04:34:56
516,Uribia,11.7139,-72.266,79.92,clear sky,76,8,8.95,CO,2021-11-05 04:34:57
517,Mutoko,-17.397,32.2268,69.21,few clouds,66,22,6.4,ZW,2021-11-05 04:34:57
518,Yumen,40.2833,97.2,29.01,broken clouds,29,83,9.51,CN,2021-11-05 04:34:58
519,Buy,58.4786,41.53,39.2,overcast clouds,94,89,7.11,RU,2021-11-05 04:34:58
520,Dicabisagan,17.0818,122.4157,84.54,broken clouds,72,53,3.53,PH,2021-11-05 04:34:58
521,Chodavaram,17.8333,82.95,82.24,broken clouds,67,56,10.22,IN,2021-11-05 04:34:59
522,Hay River,60.8156,-115.7999,35.58,scattered clouds,75,40,6.91,CA,2021-11-05 04:32:03
523,Villarrica,-25.75,-56.4333,75.04,clear sky,74,1,5.41,PY,2021-11-05 04:35:00
524,Santa Cruz,-17.8,-63.1667,76.46,scattered clouds,78,40,9.22,BO,2021-11-05 04:35:00
525,Ravar,31.2656,56.8055,61.72,broken clouds,47,67,4.83,IR,2021-11-05 04:35:01
526,Tambovka,50.0969,128.0489,33.91,overcast clouds,63,100,8.34,RU,2021-11-05 04:35:02
527,Tutoia,-2.7619,-42.2744,78.42,scattered clouds,86,43,6.17,BR,2021-11-05 04:35:02
528,Ratnagiri,16.9833,73.3,79.23,light rain,83,100,7.7,IN,2021-11-05 04:35:03
529,Chase,50.8165,-119.6857,51.15,light rain,87,100,7.16,CA,2021-11-05 04:35:04
530,Sabratah,32.7933,12.4885,77.05,scattered clouds,28,40,10.25,LY,2021-11-05 04:35:05
531,Heishan,41.6892,122.1128,65.5,clear sky,48,0,15.17,CN,2021-11-05 04:35:05
532,Kemin,42.7846,75.6892,31.41,clear sky,93,0,2.35,KG,2021-11-05 04:35:06
533,Xuddur,4.1213,43.8894,77.86,clear sky,62,5,10.96,SO,2021-11-05 04:35:06
534,Arawa,-6.2132,155.5367,85.5,broken clouds,60,84,4.76,PG,2021-11-05 04:35:07
535,Noumea,-22.2763,166.4572,75.18,broken clouds,66,82,16.04,NC,2021-11-05 04:35:07
536,Boguchar,49.9358,40.545,44.96,overcast clouds,95,91,8.03,RU,2021-11-05 04:32:09
537,Havelock,34.8791,-76.9013,49.93,overcast clouds,89,99,1.99,US,2021-11-05 04:35:08
538,Lumeje,-11.55,20.7833,69.51,overcast clouds,82,91,2.84,AO,2021-11-05 04:35:08
539,Dawlatabad,36.4141,64.9053,37.96,clear sky,14,2,4.72,AF,2021-11-05 04:35:09
540,Bayir,37.2687,28.2167,50.52,overcast clouds,71,100,2.73,TR,2021-11-05 04:35:09
541,Mookane,-23.688,26.6595,74.3,few clouds,61,20,14.52,BW,2021-11-05 04:35:09
542,Canchungo,12.0672,-16.0333,78.87,broken clouds,86,82,4.14,GW,2021-11-05 04:35:10
543,Stepnyak,52.8339,70.7803,24.93,broken clouds,54,59,16.6,KZ,2021-11-05 04:35:10
544,Yining,29.0361,114.5636,65.82,light rain,98,100,0.67,CN,2021-11-05 04:35:11
545,Plettenberg Bay,-34.0527,23.3716,61.75,broken clouds,68,82,3.8,ZA,2021-11-05 04:35:11
546,Wilmington,34.2257,-77.9447,46.9,clear sky,80,1,8.05,US,2021-11-05 04:35:12
547,Bull Savanna,17.8868,-77.5902,74.93,clear sky,84,8,6.4,JM,2021-11-05 04:35:13
548,Padang,-0.9492,100.3543,77.05,overcast clouds,93,100,0.83,ID,2021-11-05 04:35:13
549,Bowen,-20.0167,148.2333,84.42,clear sky,65,6,17.87,AU,2021-11-05 04:35:13
550,Mocuba,-16.8392,36.9856,79.61,few clouds,67,22,4.92,MZ,2021-11-05 04:35:14
551,Kinablangan,7.6947,126.5503,85.1,overcast clouds,70,100,5.73,PH,2021-11-05 04:35:14
552,Huarmey,-10.0681,-78.1522,63.84,overcast clouds,86,92,9.33,PE,2021-11-05 04:35:15
553,Turan,16.0678,108.2208,87.78,few clouds,58,20,4.61,VN,2021-11-05 04:35:54
554,Mirnyy,62.5353,113.9611,1.72,overcast clouds,86,85,13.73,RU,2021-11-05 04:36:15
555,Maniwaki,46.3834,-75.966,30.74,scattered clouds,86,35,1.14,CA,2021-11-05 04:36:16
556,Manitouwadge,49.1215,-85.8403,43.52,clear sky,92,7,5.93,CA,2021-11-05 04:36:17
557,Santa Isabel Do Rio Negro,-0.4139,-65.0192,73.6,broken clouds,93,67,2.46,BR,2021-11-05 04:36:17
558,Camopi,3.1655,-52.3158,71.06,few clouds,99,15,2.15,GF,2021-11-05 04:36:18
559,Zabolotovka,50.2737,39.3147,46.26,broken clouds,94,84,7.81,RU,2021-11-05 04:36:19
560,Belaya Gora,68.5333,146.4167,-9.0,few clouds,96,23,4.25,RU,2021-11-05 04:36:20
561,Pochutla,15.7432,-96.4661,74.82,overcast clouds,88,85,4.14,MX,2021-11-05 04:36:21
562,Dwarka,22.2394,68.9678,83.88,broken clouds,41,60,11.7,IN,2021-11-05 04:36:21
563,Solnechnyy,50.7214,136.6319,42.44,clear sky,55,9,5.06,RU,2021-11-05 04:36:21
564,Yokadouma,3.5167,15.05,69.85,overcast clouds,96,100,1.19,CM,2021-11-05 04:36:22
565,Qaqortoq,60.7167,-46.0333,30.7,overcast clouds,94,99,7.11,GL,2021-11-05 04:36:22
566,Natal,-5.795,-35.2094,79.45,few clouds,83,20,4.61,BR,2021-11-05 04:32:34
567,Mizan Teferi,6.9833,35.5833,68.36,few clouds,70,13,0.72,ET,2021-11-05 04:36:23
568,Kaili,-3.4626,120.2147,79.14,overcast clouds,72,90,3.62,ID,2021-11-05 04:36:23
569,Mantua,45.1667,10.7833,47.44,overcast clouds,88,89,1.99,IT,2021-11-05 04:36:24
570,Manadhoo,5.7667,73.3833,82.09,broken clouds,79,74,15.46,MV,2021-11-05 04:36:24
571,Chancay,-11.5714,-77.2672,65.32,broken clouds,89,69,5.1,PE,2021-11-05 04:36:25
572,Qena,26.1615,32.7183,66.31,clear sky,35,0,3.51,EG,2021-11-05 04:36:25
573,Warrnambool,-38.3833,142.4833,65.5,scattered clouds,78,42,10.04,AU,2021-11-05 04:36:26
574,Tiznit,29.5833,-9.5,53.2,overcast clouds,89,85,3.2,MA,2021-11-05 04:36:26
575,Kidal,18.4411,1.4078,76.3,clear sky,16,0,2.95,ML,2021-11-05 04:36:26
576,Miri,4.4148,114.0089,80.74,scattered clouds,94,40,5.75,MY,2021-11-05 04:36:27
577,Dossor,47.5272,52.9811,32.23,overcast clouds,51,89,16.69,KZ,2021-11-05 04:36:27
578,Mortka,59.3322,66.0214,30.83,overcast clouds,81,96,14.14,RU,2021-11-05 04:36:28
579,Arona,28.0996,-16.681,63.75,overcast clouds,79,92,12.46,ES,2021-11-05 04:36:28
580,Tourlaville,49.6383,-1.5664,46.99,broken clouds,65,75,6.91,FR,2021-11-05 04:36:29
581,Metu,8.3,35.5833,60.28,clear sky,84,7,2.64,ET,2021-11-05 04:36:29
582,Sao Francisco De Assis,-29.5503,-55.1311,67.84,clear sky,85,7,5.68,BR,2021-11-05 04:36:29
583,Ternate,0.8,127.4,84.2,overcast clouds,71,100,3.15,ID,2021-11-05 04:36:30
584,Ekibastuz,51.6667,75.3667,23.16,broken clouds,61,83,18.57,KZ,2021-11-05 04:36:31
585,San Quintin,30.4833,-115.95,63.57,clear sky,84,0,5.17,MX,2021-11-05 04:36:31
586,Xianshuigu,38.985,117.3828,50.0,mist,100,6,4.47,CN,2021-11-05 04:36:31
587,Tezu,27.9167,96.1667,78.89,clear sky,27,0,3.47,IN,2021-11-05 04:36:32
588,Adrar,20.5022,-10.0711,69.37,few clouds,31,15,9.66,MR,2021-11-05 04:36:32
589,Marawi,7.9986,124.2928,75.65,overcast clouds,78,87,3.33,PH,2021-11-05 04:36:33
590,Port Hedland,-20.3167,118.5667,91.45,broken clouds,49,75,14.97,AU,2021-11-05 04:36:33
591,Huntsville,34.7304,-86.5861,49.82,scattered clouds,93,40,4.0,US,2021-11-05 04:33:19
592,Abonnema,4.7084,6.7931,76.59,overcast clouds,92,85,4.47,NG,2021-11-05 04:36:34
593,Harrisburg,40.2737,-76.8844,38.07,clear sky,83,1,1.01,US,2021-11-05 04:35:41
594,Cherskiy,68.75,161.3,-11.58,overcast clouds,98,86,6.06,RU,2021-11-05 04:36:34
595,Sorland,67.667,12.6934,44.2,overcast clouds,71,100,14.56,NO,2021-11-05 04:36:35
596,Tinskoy,56.1525,96.9161,16.39,overcast clouds,50,95,12.95,RU,2021-11-05 04:36:35
597,Salym,60.0625,71.4789,31.15,overcast clouds,87,94,11.97,RU,2021-11-05 04:36:36
598,Gaspe,48.8334,-64.4819,31.91,clear sky,80,1,4.61,CA,2021-11-05 04:33:02
599,Sao Raimundo Das Mangabeiras,-7.0219,-45.4811,73.13,overcast clouds,91,98,4.72,BR,2021-11-05 04:37:36
600,Gostovici,44.415,18.1583,52.68,overcast clouds,96,100,3.15,BA,2021-11-05 04:37:37
601,Huanuco,-9.9329,-76.2415,64.49,overcast clouds,86,100,0.87,PE,2021-11-05 04:37:37
602,Nemuro,43.3236,145.575,48.63,overcast clouds,72,100,5.37,JP,2021-11-05 04:37:38
603,Aleksandrov Gay,50.147,48.5704,34.74,broken clouds,53,77,13.65,RU,2021-11-05 04:37:38
604,Tondon,10.3667,-13.35,71.15,scattered clouds,95,49,1.81,GN,2021-11-05 04:37:38
605,Simbahan,6.3032,120.5836,83.73,broken clouds,72,59,4.21,PH,2021-11-05 04:37:39
606,Luanda,-8.8368,13.2343,75.2,light rain,88,75,6.91,AO,2021-11-05 04:37:17
607,Naini Tal,29.3974,79.4469,55.69,clear sky,39,0,2.53,IN,2021-11-05 04:37:39
608,Cacoal,-11.4386,-61.4472,74.61,light rain,85,82,2.53,BR,2021-11-05 04:37:40
609,Havoysund,70.9963,24.6622,35.83,overcast clouds,82,99,15.21,NO,2021-11-05 04:37:40
610,Vanimo,-2.6741,141.3028,83.19,overcast clouds,75,97,5.77,PG,2021-11-05 04:37:41
611,Margate,51.3813,1.3862,41.88,overcast clouds,81,93,16.73,GB,2021-11-05 04:37:41
612,Sibolga,1.7427,98.7792,81.0,overcast clouds,83,97,4.14,ID,2021-11-05 04:37:42
613,Concordia,-31.393,-58.0209,69.22,moderate rain,80,93,4.94,AR,2021-11-05 04:37:42
614,Sobolevo,54.4299,31.8996,48.43,overcast clouds,93,100,14.14,RU,2021-11-05 04:37:43
615,Prainha,-1.8,-53.48,75.22,broken clouds,76,64,2.98,BR,2021-11-05 04:37:43
616,Omboue,-1.5746,9.2618,76.48,overcast clouds,91,100,7.02,GA,2021-11-05 04:37:44
617,Hasaki,35.7333,140.8333,68.29,clear sky,51,0,11.81,JP,2021-11-05 04:37:44
618,Neiafu,-18.65,-173.9833,81.28,broken clouds,74,75,9.22,TO,2021-11-05 04:37:44
619,Yantal,56.8471,105.2542,10.58,light snow,81,100,11.59,RU,2021-11-05 04:37:45
620,Maragogi,-9.0122,-35.2225,76.66,overcast clouds,88,100,10.67,BR,2021-11-05 04:37:45
621,Natchez,31.5604,-91.4032,47.64,clear sky,82,1,8.05,US,2021-11-05 04:37:46
622,Berlevag,70.8578,29.0864,33.8,broken clouds,73,52,10.85,NO,2021-11-05 04:37:46
623,La Ronge,55.1001,-105.2842,30.45,clear sky,86,1,3.44,CA,2021-11-05 04:37:47
624,Lieksa,63.3167,30.0167,42.91,overcast clouds,85,98,11.12,FI,2021-11-05 04:37:47
625,Mbekenyera,-10.0,38.9833,78.35,overcast clouds,65,97,5.01,TZ,2021-11-05 04:37:47
626,Mananara,-16.1667,49.7667,79.74,few clouds,61,22,3.09,MG,2021-11-05 04:37:48
627,Capitao Poco,-1.7464,-47.0594,72.61,broken clouds,96,69,4.0,BR,2021-11-05 04:36:28
628,Bereda,43.2686,-7.5406,47.14,light rain,90,99,2.01,ES,2021-11-05 04:37:49
629,Port-Gentil,-0.7193,8.7815,78.55,light rain,86,100,12.71,GA,2021-11-05 04:37:49
630,Berdigestyakh,62.0989,126.6992,6.53,light snow,91,100,9.53,RU,2021-11-05 04:37:50
631,Verkhnyaya Khava,51.8404,39.9413,48.27,overcast clouds,96,90,11.16,RU,2021-11-05 04:37:50
632,Awbari,26.5921,12.7805,70.59,clear sky,19,0,9.37,LY,2021-11-05 04:37:50
633,Zhangye,38.9342,100.4517,36.66,few clouds,38,20,24.16,CN,2021-11-05 04:37:51
634,Fountain Hills,33.6117,-111.7174,73.44,clear sky,27,1,3.44,US,2021-11-05 04:33:20
635,Sept-Iles,50.2001,-66.3821,34.05,scattered clouds,74,40,4.0,CA,2021-11-05 04:37:51
636,Douglas,41.3,-96.167,45.32,clear sky,84,1,4.0,US,2021-11-05 04:33:17
637,Shar,49.5886,81.0453,13.84,scattered clouds,62,46,9.35,KZ,2021-11-05 04:37:52
638,San Rafael,-34.6177,-68.3301,53.31,overcast clouds,37,91,3.09,AR,2021-11-05 04:34:06
639,Jingdezhen,29.2947,117.2079,65.57,overcast clouds,97,100,1.83,CN,2021-11-05 04:37:53
640,Baruun-Urt,46.6806,113.2792,14.41,snow,73,100,19.35,MN,2021-11-05 04:37:53
641,Piacabucu,-10.4056,-36.4344,75.99,light rain,89,100,5.53,BR,2021-11-05 04:37:54
642,Parintins,-2.6283,-56.7358,76.33,scattered clouds,78,47,0.65,BR,2021-11-05 04:37:54
643,Kenora,49.8167,-94.4337,42.78,few clouds,70,20,11.5,CA,2021-11-05 04:37:55
644,Jiuquan,39.7432,98.5174,28.81,scattered clouds,31,47,22.17,CN,2021-11-05 04:37:55
645,Derzhavinsk,51.1,66.3167,25.12,few clouds,37,15,15.05,KZ,2021-11-05 04:37:55
646,Boyolangu,-8.1181,111.8935,88.02,overcast clouds,62,100,1.54,ID,2021-11-05 04:37:56
647,Nuuk,64.1835,-51.7216,21.07,broken clouds,80,75,9.53,GL,2021-11-05 04:37:56
648,Perth,-31.9333,115.8333,71.1,broken clouds,62,75,16.11,AU,2021-11-05 04:38:57
649,Morant Bay,17.8815,-76.4093,80.22,clear sky,83,10,6.49,JM,2021-11-05 04:38:57
650,Bougouni,11.417,-7.479,75.69,clear sky,62,3,4.32,ML,2021-11-05 04:38:58
651,Lambari,-21.9756,-45.3503,66.36,clear sky,91,0,1.43,BR,2021-11-05 04:38:58
652,Port Blair,11.6667,92.75,84.97,broken clouds,66,74,7.96,IN,2021-11-05 04:38:59
653,Lithgow,-33.4833,150.15,60.08,light rain,88,100,5.7,AU,2021-11-05 04:38:59
654,Mananjary,-21.2167,48.3333,75.15,light rain,92,91,3.56,MG,2021-11-05 04:39:00
655,Acarau,-2.8856,-40.12,78.96,few clouds,83,20,8.34,BR,2021-11-05 04:39:00
656,Badiraguato,25.3667,-107.5167,72.45,clear sky,61,0,3.83,MX,2021-11-05 04:39:01
657,Anchorage,61.2181,-149.9003,36.93,light snow,93,90,1.01,US,2021-11-05 04:39:02
658,Kaeo,-35.1,173.7833,64.33,overcast clouds,94,100,6.51,NZ,2021-11-05 04:39:03
659,Nong Kung Si,16.65,103.3,91.81,scattered clouds,83,41,1.45,TH,2021-11-05 04:39:03
660,Yelizovo,53.1873,158.3805,39.34,few clouds,52,20,4.47,RU,2021-11-05 04:39:03
661,Bambanglipuro,-7.95,110.2833,85.1,overcast clouds,69,100,3.06,ID,2021-11-05 04:39:04
662,Energetik,51.7445,58.7934,26.26,broken clouds,33,77,9.55,RU,2021-11-05 04:39:04
663,Hvide Sande,56.0045,8.1294,46.0,broken clouds,71,55,23.0,DK,2021-11-05 04:39:05
664,Mapiri,-15.25,-68.1667,67.66,overcast clouds,95,96,1.81,BO,2021-11-05 04:39:05
665,Mubende,0.5606,31.39,62.8,broken clouds,94,65,1.34,UG,2021-11-05 04:39:06
666,College,64.8569,-147.8028,37.72,broken clouds,85,75,0.0,US,2021-11-05 04:39:06
667,Khorixas,-20.3667,14.9667,66.38,overcast clouds,24,96,3.53,NA,2021-11-05 04:39:07
668,Huilong,31.8111,121.655,67.03,light rain,90,100,23.22,CN,2021-11-05 04:39:07
669,Lima,-12.0432,-77.0282,63.9,broken clouds,83,75,12.66,PE,2021-11-05 04:36:05
670,Kieta,-6.2167,155.6333,84.88,overcast clouds,61,87,5.12,PG,2021-11-05 04:39:08
671,Katobu,-4.9408,122.5276,85.87,heavy intensity rain,71,100,1.7,ID,2021-11-05 04:39:08
672,Norrtalje,59.758,18.705,44.02,overcast clouds,94,100,5.21,SE,2021-11-05 04:39:08
673,Chifeng,42.2683,118.9636,60.98,few clouds,31,21,6.2,CN,2021-11-05 04:39:09
674,Matagami,49.7502,-77.6328,26.71,overcast clouds,80,90,8.05,CA,2021-11-05 04:39:09
675,Mastic Beach,40.7668,-72.8521,48.04,few clouds,81,20,0.0,US,2021-11-05 04:39:10
676,Egvekinot,66.3167,-179.1667,-3.82,few clouds,81,18,9.06,RU,2021-11-05 04:39:10
677,Oyama,36.3,139.8,70.03,clear sky,35,1,2.48,JP,2021-11-05 04:39:11
678,Balkhash,46.844,74.9804,16.41,clear sky,48,0,4.47,KZ,2021-11-05 04:39:11
679,Mehamn,71.0357,27.8492,35.78,clear sky,64,0,11.5,NO,2021-11-05 04:39:12
680,Camana,-16.6228,-72.7111,63.97,broken clouds,83,74,6.71,PE,2021-11-05 04:39:12
